incident_year,incidents,running_total_incidents,prev_year_present,year_gap,pct_change_vs_prev_available_year
2003,57253,57253,,,
2004,56473,113726,2003,1,-1.4
2005,51685,165411,2004,1,-8.5
2006,48490,213901,2005,1,-6.2
2007,43308,257209,2006,1,-10.7
2008,40640,297849,2007,1,-6.2
2009,36830,334679,2008,1,-9.4
2010,34499,369178,2009,1,-6.3
2011,33342,402520,2010,1,-3.4
2012,34356,436876,2011,1,3.0
2013,34599,471475,2012,1,0.7
2014,39183,510658,2013,1,13.2
2015,40219,550877,2014,1,2.6
2016,44094,594971,2015,1,9.6
2017,43196,638167,2016,1,-2.0
2018,44243,682410,2017,1,2.4
2019,48152,730562,2018,1,8.8
2020,37519,768081,2019,1,-22.1
2021,32191,800272,2020,1,-14.2
2023,36707,836979,2021,2,14.0
2024,33773,870752,2023,1,-8.0
2025,32520,903272,2024,1,-3.7
