census_local_area,first_year,incidents_per_1000_first_year,last_year,incidents_per_1000_last_year,pct_change_per_capita,growth_rank
Renfrew-Collingwood,2015,38.33,2025,44.61,16.4,1
Sunset,2015,28.68,2025,33.18,15.7,2
Downtown,2015,181.67,2025,170.27,-6.3,3
Strathcona,2015,198.41,2025,182.44,-8.0,4
Marpole,2015,38.14,2025,33.69,-11.7,5
Kensington-Cedar Cottage,2015,37.51,2025,33.01,-12.0,6
West End,2015,73.90,2025,56.57,-23.5,7
Hastings-Sunrise,2015,37.37,2025,28.17,-24.6,8
Mount Pleasant,2015,87.70,2025,64.06,-27.0,9
Victoria-Fraserview,2015,23.31,2025,16.55,-29.0,10
Grandview-Woodland,2015,75.17,2025,52.17,-30.6,11
Killarney,2015,23.70,2025,16.40,-30.8,12
South Cambie,2015,61.23,2025,40.40,-34.0,13
Kerrisdale,2015,39.14,2025,25.55,-34.7,14
Fairview,2015,73.08,2025,45.78,-37.4,15
Riley Park,2015,43.80,2025,26.91,-38.6,16
Kitsilano,2015,45.42,2025,26.32,-42.1,17
West Point Grey,2015,33.83,2025,19.44,-42.5,18
Arbutus-Ridge,2015,28.51,2025,14.38,-49.6,19
Oakridge,2015,50.65,2025,25.10,-50.4,20
Shaughnessy,2015,52.08,2025,23.37,-55.1,21
Dunbar-Southlands,2015,29.22,2025,12.46,-57.4,22
