census_local_area,incident_year,incidents,population_2016,incidents_per_1000
Arbutus-Ridge,2015,436,15295,28.51
Arbutus-Ridge,2016,494,15295,32.30
Arbutus-Ridge,2017,432,15295,28.24
Arbutus-Ridge,2018,364,15295,23.80
Arbutus-Ridge,2019,364,15295,23.80
Arbutus-Ridge,2020,367,15295,23.99
Arbutus-Ridge,2021,287,15295,18.76
Arbutus-Ridge,2023,270,15295,17.65
Arbutus-Ridge,2024,282,15295,18.44
Arbutus-Ridge,2025,220,15295,14.38
Downtown,2015,11269,62030,181.67
Downtown,2016,13363,62030,215.43
Downtown,2017,13416,62030,216.28
Downtown,2018,14319,62030,230.84
Downtown,2019,15967,62030,257.41
Downtown,2020,10375,62030,167.26
Downtown,2021,9148,62030,147.48
Downtown,2023,12253,62030,197.53
Downtown,2024,11893,62030,191.73
Downtown,2025,10562,62030,170.27
Dunbar-Southlands,2015,626,21425,29.22
Dunbar-Southlands,2016,468,21425,21.84
Dunbar-Southlands,2017,513,21425,23.94
Dunbar-Southlands,2018,519,21425,24.22
Dunbar-Southlands,2019,484,21425,22.59
Dunbar-Southlands,2020,511,21425,23.85
Dunbar-Southlands,2021,330,21425,15.40
Dunbar-Southlands,2023,373,21425,17.41
Dunbar-Southlands,2024,279,21425,13.02
Dunbar-Southlands,2025,267,21425,12.46
Fairview,2015,2457,33620,73.08
Fairview,2016,2408,33620,71.62
Fairview,2017,2172,33620,64.60
Fairview,2018,2218,33620,65.97
Fairview,2019,2672,33620,79.48
Fairview,2020,2132,33620,63.41
Fairview,2021,1588,33620,47.23
Fairview,2023,1794,33620,53.36
Fairview,2024,1558,33620,46.34
Fairview,2025,1539,33620,45.78
Grandview-Woodland,2015,2193,29175,75.17
Grandview-Woodland,2016,2433,29175,83.39
Grandview-Woodland,2017,2396,29175,82.13
Grandview-Woodland,2018,2220,29175,76.09
Grandview-Woodland,2019,2324,29175,79.66
Grandview-Woodland,2020,1931,29175,66.19
Grandview-Woodland,2021,1583,29175,54.26
Grandview-Woodland,2023,1708,29175,58.54
Grandview-Woodland,2024,1450,29175,49.70
Grandview-Woodland,2025,1522,29175,52.17
Hastings-Sunrise,2015,1292,34575,37.37
Hastings-Sunrise,2016,1394,34575,40.32
Hastings-Sunrise,2017,1438,34575,41.59
Hastings-Sunrise,2018,1509,34575,43.64
Hastings-Sunrise,2019,1622,34575,46.91
Hastings-Sunrise,2020,1285,34575,37.17
Hastings-Sunrise,2021,1174,34575,33.96
Hastings-Sunrise,2023,942,34575,27.25
Hastings-Sunrise,2024,846,34575,24.47
Hastings-Sunrise,2025,974,34575,28.17
Kensington-Cedar Cottage,2015,1850,49325,37.51
Kensington-Cedar Cottage,2016,1908,49325,38.68
Kensington-Cedar Cottage,2017,1699,49325,34.45
Kensington-Cedar Cottage,2018,1698,49325,34.42
Kensington-Cedar Cottage,2019,1934,49325,39.21
Kensington-Cedar Cottage,2020,1660,49325,33.65
Kensington-Cedar Cottage,2021,1456,49325,29.52
Kensington-Cedar Cottage,2023,1638,49325,33.21
Kensington-Cedar Cottage,2024,1389,49325,28.16
Kensington-Cedar Cottage,2025,1628,49325,33.01
Kerrisdale,2015,547,13975,39.14
Kerrisdale,2016,545,13975,39.00
Kerrisdale,2017,472,13975,33.77
Kerrisdale,2018,504,13975,36.06
Kerrisdale,2019,521,13975,37.28
Kerrisdale,2020,464,13975,33.20
Kerrisdale,2021,438,13975,31.34
Kerrisdale,2023,412,13975,29.48
Kerrisdale,2024,354,13975,25.33
Kerrisdale,2025,357,13975,25.55
Killarney,2015,695,29325,23.70
Killarney,2016,639,29325,21.79
Killarney,2017,719,29325,24.52
Killarney,2018,681,29325,23.22
Killarney,2019,730,29325,24.89
Killarney,2020,596,29325,20.32
Killarney,2021,525,29325,17.90
Killarney,2023,575,29325,19.61
Killarney,2024,488,29325,16.64
Killarney,2025,481,29325,16.40
Kitsilano,2015,1955,43045,45.42
Kitsilano,2016,2058,43045,47.81
Kitsilano,2017,1865,43045,43.33
Kitsilano,2018,2116,43045,49.16
Kitsilano,2019,1910,43045,44.37
Kitsilano,2020,1798,43045,41.77
Kitsilano,2021,1364,43045,31.69
Kitsilano,2023,1229,43045,28.55
Kitsilano,2024,1230,43045,28.57
Kitsilano,2025,1133,43045,26.32
Marpole,2015,933,24460,38.14
Marpole,2016,1023,24460,41.82
Marpole,2017,1038,24460,42.44
Marpole,2018,1019,24460,41.66
Marpole,2019,1123,24460,45.91
Marpole,2020,951,24460,38.88
Marpole,2021,924,24460,37.78
Marpole,2023,907,24460,37.08
Marpole,2024,847,24460,34.63
Marpole,2025,824,24460,33.69
Mount Pleasant,2015,2890,32955,87.70
Mount Pleasant,2016,3128,32955,94.92
Mount Pleasant,2017,2862,32955,86.85
Mount Pleasant,2018,2914,32955,88.42
Mount Pleasant,2019,3192,32955,96.86
Mount Pleasant,2020,2474,32955,75.07
Mount Pleasant,2021,2271,32955,68.91
Mount Pleasant,2023,2254,32955,68.40
Mount Pleasant,2024,1985,32955,60.23
Mount Pleasant,2025,2111,32955,64.06
Oakridge,2015,660,13030,50.65
Oakridge,2016,666,13030,51.11
Oakridge,2017,637,13030,48.89
Oakridge,2018,618,13030,47.43
Oakridge,2019,691,13030,53.03
Oakridge,2020,427,13030,32.77
Oakridge,2021,357,13030,27.40
Oakridge,2023,344,13030,26.40
Oakridge,2024,307,13030,23.56
Oakridge,2025,327,13030,25.10
Renfrew-Collingwood,2015,1975,51530,38.33
Renfrew-Collingwood,2016,2076,51530,40.29
Renfrew-Collingwood,2017,2354,51530,45.68
Renfrew-Collingwood,2018,2106,51530,40.87
Renfrew-Collingwood,2019,2155,51530,41.82
Renfrew-Collingwood,2020,2176,51530,42.23
Renfrew-Collingwood,2021,2040,51530,39.59
Renfrew-Collingwood,2023,2596,51530,50.38
Renfrew-Collingwood,2024,2312,51530,44.87
Renfrew-Collingwood,2025,2299,51530,44.61
Riley Park,2015,988,22555,43.80
Riley Park,2016,1123,22555,49.79
Riley Park,2017,1013,22555,44.91
Riley Park,2018,1062,22555,47.08
Riley Park,2019,1201,22555,53.25
Riley Park,2020,891,22555,39.50
Riley Park,2021,741,22555,32.85
Riley Park,2023,653,22555,28.95
Riley Park,2024,533,22555,23.63
Riley Park,2025,607,22555,26.91
Shaughnessy,2015,439,8430,52.08
Shaughnessy,2016,471,8430,55.87
Shaughnessy,2017,491,8430,58.24
Shaughnessy,2018,480,8430,56.94
Shaughnessy,2019,382,8430,45.31
Shaughnessy,2020,430,8430,51.01
Shaughnessy,2021,314,8430,37.25
Shaughnessy,2023,232,8430,27.52
Shaughnessy,2024,291,8430,34.52
Shaughnessy,2025,197,8430,23.37
South Cambie,2015,488,7970,61.23
South Cambie,2016,435,7970,54.58
South Cambie,2017,399,7970,50.06
South Cambie,2018,357,7970,44.79
South Cambie,2019,499,7970,62.61
South Cambie,2020,496,7970,62.23
South Cambie,2021,364,7970,45.67
South Cambie,2023,325,7970,40.78
South Cambie,2024,328,7970,41.15
South Cambie,2025,322,7970,40.40
Strathcona,2015,2497,12585,198.41
Strathcona,2016,2919,12585,231.94
Strathcona,2017,2923,12585,232.26
Strathcona,2018,3109,12585,247.04
Strathcona,2019,3397,12585,269.92
Strathcona,2020,3106,12585,246.80
Strathcona,2021,2387,12585,189.67
Strathcona,2023,2822,12585,224.24
Strathcona,2024,2318,12585,184.19
Strathcona,2025,2296,12585,182.44
Sunset,2015,1047,36500,28.68
Sunset,2016,1191,36500,32.63
Sunset,2017,1031,36500,28.25
Sunset,2018,1164,36500,31.89
Sunset,2019,1295,36500,35.48
Sunset,2020,1093,36500,29.95
Sunset,2021,961,36500,26.33
Sunset,2023,1445,36500,39.59
Sunset,2024,1270,36500,34.79
Sunset,2025,1211,36500,33.18
Victoria-Fraserview,2015,724,31065,23.31
Victoria-Fraserview,2016,717,31065,23.08
Victoria-Fraserview,2017,798,31065,25.69
Victoria-Fraserview,2018,729,31065,23.47
Victoria-Fraserview,2019,759,31065,24.43
Victoria-Fraserview,2020,631,31065,20.31
Victoria-Fraserview,2021,594,31065,19.12
Victoria-Fraserview,2023,587,31065,18.90
Victoria-Fraserview,2024,606,31065,19.51
Victoria-Fraserview,2025,514,31065,16.55
West End,2015,3488,47200,73.90
West End,2016,3937,47200,83.41
West End,2017,3814,47200,80.81
West End,2018,3879,47200,82.18
West End,2019,4199,47200,88.96
West End,2020,3118,47200,66.06
West End,2021,2834,47200,60.04
West End,2023,2859,47200,60.57
West End,2024,2743,47200,58.11
West End,2025,2670,47200,56.57
West Point Grey,2015,442,13065,33.83
West Point Grey,2016,459,13065,35.13
West Point Grey,2017,469,13065,35.90
West Point Grey,2018,423,13065,32.38
West Point Grey,2019,456,13065,34.90
West Point Grey,2020,473,13065,36.20
West Point Grey,2021,353,13065,27.02
West Point Grey,2023,280,13065,21.43
West Point Grey,2024,256,13065,19.59
West Point Grey,2025,254,13065,19.44
